Requirement,Applicable,State,Justification,Control,Test,Evidence,Owner
v5.0.0-V1.1.1,Sim,Pass,"Decodificação, serialização segura, Joi/allowlists e runtime gerenciado cobrem o requisito.","Joi allowlists, repositories Mongoose e parse MQTT antes de side effects",appSecurity.test.js; routes/*.test.js; mqttService.test.js,99d8846; services/api/src/middleware/validate.js; services/api/src/services/mqttService.js,Projeto
v5.0.0-V1.1.2,Sim,Pass,"Decodificação, serialização segura, Joi/allowlists e runtime gerenciado cobrem o requisito.","Joi allowlists, repositories Mongoose e parse MQTT antes de side effects",appSecurity.test.js; routes/*.test.js; mqttService.test.js,99d8846; services/api/src/middleware/validate.js; services/api/src/services/mqttService.js,Projeto
v5.0.0-V1.2.1,Sim,Pass,"Decodificação, serialização segura, Joi/allowlists e runtime gerenciado cobrem o requisito.","Joi allowlists, repositories Mongoose e parse MQTT antes de side effects",appSecurity.test.js; routes/*.test.js; mqttService.test.js,99d8846; services/api/src/middleware/validate.js; services/api/src/services/mqttService.js,Projeto
v5.0.0-V1.2.2,Sim,Pass,"Decodificação, serialização segura, Joi/allowlists e runtime gerenciado cobrem o requisito.","Joi allowlists, repositories Mongoose e parse MQTT antes de side effects",appSecurity.test.js; routes/*.test.js; mqttService.test.js,99d8846; services/api/src/middleware/validate.js; services/api/src/services/mqttService.js,Projeto
v5.0.0-V1.2.3,Sim,Pass,"Decodificação, serialização segura, Joi/allowlists e runtime gerenciado cobrem o requisito.","Joi allowlists, repositories Mongoose e parse MQTT antes de side effects",appSecurity.test.js; routes/*.test.js; mqttService.test.js,99d8846; services/api/src/middleware/validate.js; services/api/src/services/mqttService.js,Projeto
v5.0.0-V1.2.4,Sim,Pass,"Decodificação, serialização segura, Joi/allowlists e runtime gerenciado cobrem o requisito.","Joi allowlists, repositories Mongoose e parse MQTT antes de side effects",appSecurity.test.js; routes/*.test.js; mqttService.test.js,99d8846; services/api/src/middleware/validate.js; services/api/src/services/mqttService.js,Projeto
v5.0.0-V1.2.5,Não,N/A,"Não existe interpretador/comando OS, LDAP, XPath, LaTeX ou regex construída por entrada não confiável.",N/A,Inspeção de aplicabilidade,CSV oficial + inventário do projeto,Projeto
v5.0.0-V1.2.6,Não,N/A,"Não existe interpretador/comando OS, LDAP, XPath, LaTeX ou regex construída por entrada não confiável.",N/A,Inspeção de aplicabilidade,CSV oficial + inventário do projeto,Projeto
v5.0.0-V1.2.7,Não,N/A,"Não existe interpretador/comando OS, LDAP, XPath, LaTeX ou regex construída por entrada não confiável.",N/A,Inspeção de aplicabilidade,CSV oficial + inventário do projeto,Projeto
v5.0.0-V1.2.8,Não,N/A,"Não existe interpretador/comando OS, LDAP, XPath, LaTeX ou regex construída por entrada não confiável.",N/A,Inspeção de aplicabilidade,CSV oficial + inventário do projeto,Projeto
v5.0.0-V1.2.9,Não,N/A,"Não existe interpretador/comando OS, LDAP, XPath, LaTeX ou regex construída por entrada não confiável.",N/A,Inspeção de aplicabilidade,CSV oficial + inventário do projeto,Projeto
v5.0.0-V1.3.1,Não,N/A,"Não existe WYSIWYG, execução dinâmica, SVG/template scriptável, URL externa, JNDI, memcache ou e-mail.",N/A,Inspeção de aplicabilidade,CSV oficial + inventário do projeto,Projeto
v5.0.0-V1.3.2,Não,N/A,"Não existe WYSIWYG, execução dinâmica, SVG/template scriptável, URL externa, JNDI, memcache ou e-mail.",N/A,Inspeção de aplicabilidade,CSV oficial + inventário do projeto,Projeto
v5.0.0-V1.3.3,Sim,Pass,"Decodificação, serialização segura, Joi/allowlists e runtime gerenciado cobrem o requisito.","Joi allowlists, repositories Mongoose e parse MQTT antes de side effects",appSecurity.test.js; routes/*.test.js; mqttService.test.js,99d8846; services/api/src/middleware/validate.js; services/api/src/services/mqttService.js,Projeto
v5.0.0-V1.3.4,Não,N/A,"Não existe WYSIWYG, execução dinâmica, SVG/template scriptável, URL externa, JNDI, memcache ou e-mail.",N/A,Inspeção de aplicabilidade,CSV oficial + inventário do projeto,Projeto
v5.0.0-V1.3.5,Não,N/A,"Não existe WYSIWYG, execução dinâmica, SVG/template scriptável, URL externa, JNDI, memcache ou e-mail.",N/A,Inspeção de aplicabilidade,CSV oficial + inventário do projeto,Projeto
v5.0.0-V1.3.6,Não,N/A,"Não existe WYSIWYG, execução dinâmica, SVG/template scriptável, URL externa, JNDI, memcache ou e-mail.",N/A,Inspeção de aplicabilidade,CSV oficial + inventário do projeto,Projeto
v5.0.0-V1.3.7,Não,N/A,"Não existe WYSIWYG, execução dinâmica, SVG/template scriptável, URL externa, JNDI, memcache ou e-mail.",N/A,Inspeção de aplicabilidade,CSV oficial + inventário do projeto,Projeto
v5.0.0-V1.3.8,Não,N/A,"Não existe WYSIWYG, execução dinâmica, SVG/template scriptável, URL externa, JNDI, memcache ou e-mail.",N/A,Inspeção de aplicabilidade,CSV oficial + inventário do projeto,Projeto
v5.0.0-V1.3.9,Não,N/A,"Não existe WYSIWYG, execução dinâmica, SVG/template scriptável, URL externa, JNDI, memcache ou e-mail.",N/A,Inspeção de aplicabilidade,CSV oficial + inventário do projeto,Projeto
v5.0.0-V1.3.10,Sim,Pass,"Decodificação, serialização segura, Joi/allowlists e runtime gerenciado cobrem o requisito.","Joi allowlists, repositories Mongoose e parse MQTT antes de side effects",appSecurity.test.js; routes/*.test.js; mqttService.test.js,99d8846; services/api/src/middleware/validate.js; services/api/src/services/mqttService.js,Projeto
v5.0.0-V1.3.11,Não,N/A,"Não existe WYSIWYG, execução dinâmica, SVG/template scriptável, URL externa, JNDI, memcache ou e-mail.",N/A,Inspeção de aplicabilidade,CSV oficial + inventário do projeto,Projeto
v5.0.0-V1.4.1,Sim,Pass,"Decodificação, serialização segura, Joi/allowlists e runtime gerenciado cobrem o requisito.","Joi allowlists, repositories Mongoose e parse MQTT antes de side effects",appSecurity.test.js; routes/*.test.js; mqttService.test.js,99d8846; services/api/src/middleware/validate.js; services/api/src/services/mqttService.js,Projeto
v5.0.0-V1.4.2,Sim,Pass,"Decodificação, serialização segura, Joi/allowlists e runtime gerenciado cobrem o requisito.","Joi allowlists, repositories Mongoose e parse MQTT antes de side effects",appSecurity.test.js; routes/*.test.js; mqttService.test.js,99d8846; services/api/src/middleware/validate.js; services/api/src/services/mqttService.js,Projeto
v5.0.0-V1.4.3,Sim,Pass,"Decodificação, serialização segura, Joi/allowlists e runtime gerenciado cobrem o requisito.","Joi allowlists, repositories Mongoose e parse MQTT antes de side effects",appSecurity.test.js; routes/*.test.js; mqttService.test.js,99d8846; services/api/src/middleware/validate.js; services/api/src/services/mqttService.js,Projeto
v5.0.0-V1.5.1,Não,N/A,A aplicação aceita JSON; não há parser XML.,N/A,Inspeção de aplicabilidade,CSV oficial + inventário do projeto,Projeto
v5.0.0-V1.5.2,Sim,Pass,"Decodificação, serialização segura, Joi/allowlists e runtime gerenciado cobrem o requisito.","Joi allowlists, repositories Mongoose e parse MQTT antes de side effects",appSecurity.test.js; routes/*.test.js; mqttService.test.js,99d8846; services/api/src/middleware/validate.js; services/api/src/services/mqttService.js,Projeto
v5.0.0-V2.1.1,Sim,Pass,Regras e limites estão documentados e são aplicados no serviço confiável com testes negativos.,"Joi allowlists, repositories Mongoose e parse MQTT antes de side effects",appSecurity.test.js; routes/*.test.js; mqttService.test.js,99d8846; services/api/src/middleware/validate.js; services/api/src/services/mqttService.js,Projeto
v5.0.0-V2.1.2,Sim,Pass,Regras e limites estão documentados e são aplicados no serviço confiável com testes negativos.,"Joi allowlists, repositories Mongoose e parse MQTT antes de side effects",appSecurity.test.js; routes/*.test.js; mqttService.test.js,99d8846; services/api/src/middleware/validate.js; services/api/src/services/mqttService.js,Projeto
v5.0.0-V2.1.3,Sim,Pass,Regras e limites estão documentados e são aplicados no serviço confiável com testes negativos.,"Joi allowlists, repositories Mongoose e parse MQTT antes de side effects",appSecurity.test.js; routes/*.test.js; mqttService.test.js,99d8846; services/api/src/middleware/validate.js; services/api/src/services/mqttService.js,Projeto
v5.0.0-V2.2.1,Sim,Pass,Regras e limites estão documentados e são aplicados no serviço confiável com testes negativos.,"Joi allowlists, repositories Mongoose e parse MQTT antes de side effects",appSecurity.test.js; routes/*.test.js; mqttService.test.js,99d8846; services/api/src/middleware/validate.js; services/api/src/services/mqttService.js,Projeto
v5.0.0-V2.2.2,Sim,Pass,Regras e limites estão documentados e são aplicados no serviço confiável com testes negativos.,"Joi allowlists, repositories Mongoose e parse MQTT antes de side effects",appSecurity.test.js; routes/*.test.js; mqttService.test.js,99d8846; services/api/src/middleware/validate.js; services/api/src/services/mqttService.js,Projeto
v5.0.0-V2.2.3,Sim,Pass,Regras e limites estão documentados e são aplicados no serviço confiável com testes negativos.,"Joi allowlists, repositories Mongoose e parse MQTT antes de side effects",appSecurity.test.js; routes/*.test.js; mqttService.test.js,99d8846; services/api/src/middleware/validate.js; services/api/src/services/mqttService.js,Projeto
v5.0.0-V2.3.1,Sim,Pass,Regras e limites estão documentados e são aplicados no serviço confiável com testes negativos.,"Joi allowlists, repositories Mongoose e parse MQTT antes de side effects",appSecurity.test.js; routes/*.test.js; mqttService.test.js,99d8846; services/api/src/middleware/validate.js; services/api/src/services/mqttService.js,Projeto
v5.0.0-V2.3.2,Sim,Pass,Regras e limites estão documentados e são aplicados no serviço confiável com testes negativos.,"Joi allowlists, repositories Mongoose e parse MQTT antes de side effects",appSecurity.test.js; routes/*.test.js; mqttService.test.js,99d8846; services/api/src/middleware/validate.js; services/api/src/services/mqttService.js,Projeto
v5.0.0-V2.3.3,Sim,Pass,Regras e limites estão documentados e são aplicados no serviço confiável com testes negativos.,"Joi allowlists, repositories Mongoose e parse MQTT antes de side effects",appSecurity.test.js; routes/*.test.js; mqttService.test.js,99d8846; services/api/src/middleware/validate.js; services/api/src/services/mqttService.js,Projeto
v5.0.0-V2.3.4,Não,N/A,O domínio não possui estoque ou recurso de quantidade limitada sujeito a double booking.,N/A,Inspeção de aplicabilidade,CSV oficial + inventário do projeto,Projeto
v5.0.0-V2.4.1,Sim,Pass,Regras e limites estão documentados e são aplicados no serviço confiável com testes negativos.,"Joi allowlists, repositories Mongoose e parse MQTT antes de side effects",appSecurity.test.js; routes/*.test.js; mqttService.test.js,99d8846; services/api/src/middleware/validate.js; services/api/src/services/mqttService.js,Projeto
v5.0.0-V3.2.1,Sim,Pass,"Vue, cookies de sessão e headers Nginx/Helmet implementam o controle no browser.",Vue escaping; cookie __Host HttpOnly/SameSite/Secure; Helmet/Nginx headers,auth.test.js; cookies.test.js; appSecurity.test.js; ZAP,"07a876b, c492b8d; run 30087971980",Projeto
v5.0.0-V3.2.2,Sim,Pass,"Vue, cookies de sessão e headers Nginx/Helmet implementam o controle no browser.",Vue escaping; cookie __Host HttpOnly/SameSite/Secure; Helmet/Nginx headers,auth.test.js; cookies.test.js; appSecurity.test.js; ZAP,"07a876b, c492b8d; run 30087971980",Projeto
v5.0.0-V3.3.1,Sim,Pass,"Vue, cookies de sessão e headers Nginx/Helmet implementam o controle no browser.",Vue escaping; cookie __Host HttpOnly/SameSite/Secure; Helmet/Nginx headers,auth.test.js; cookies.test.js; appSecurity.test.js; ZAP,"07a876b, c492b8d; run 30087971980",Projeto
v5.0.0-V3.3.2,Sim,Pass,"Vue, cookies de sessão e headers Nginx/Helmet implementam o controle no browser.",Vue escaping; cookie __Host HttpOnly/SameSite/Secure; Helmet/Nginx headers,auth.test.js; cookies.test.js; appSecurity.test.js; ZAP,"07a876b, c492b8d; run 30087971980",Projeto
v5.0.0-V3.3.3,Sim,Pass,"Vue, cookies de sessão e headers Nginx/Helmet implementam o controle no browser.",Vue escaping; cookie __Host HttpOnly/SameSite/Secure; Helmet/Nginx headers,auth.test.js; cookies.test.js; appSecurity.test.js; ZAP,"07a876b, c492b8d; run 30087971980",Projeto
v5.0.0-V3.3.4,Sim,Pass,"Vue, cookies de sessão e headers Nginx/Helmet implementam o controle no browser.",Vue escaping; cookie __Host HttpOnly/SameSite/Secure; Helmet/Nginx headers,auth.test.js; cookies.test.js; appSecurity.test.js; ZAP,"07a876b, c492b8d; run 30087971980",Projeto
v5.0.0-V3.4.1,Sim,Pass,"Vue, cookies de sessão e headers Nginx/Helmet implementam o controle no browser.",Vue escaping; cookie __Host HttpOnly/SameSite/Secure; Helmet/Nginx headers,auth.test.js; cookies.test.js; appSecurity.test.js; ZAP,"07a876b, c492b8d; run 30087971980",Projeto
v5.0.0-V3.4.2,Sim,Pass,"Vue, cookies de sessão e headers Nginx/Helmet implementam o controle no browser.",Vue escaping; cookie __Host HttpOnly/SameSite/Secure; Helmet/Nginx headers,auth.test.js; cookies.test.js; appSecurity.test.js; ZAP,"07a876b, c492b8d; run 30087971980",Projeto
v5.0.0-V3.4.3,Sim,Pass,"Vue, cookies de sessão e headers Nginx/Helmet implementam o controle no browser.",Vue escaping; cookie __Host HttpOnly/SameSite/Secure; Helmet/Nginx headers,auth.test.js; cookies.test.js; appSecurity.test.js; ZAP,"07a876b, c492b8d; run 30087971980",Projeto
v5.0.0-V3.4.4,Sim,Pass,"Vue, cookies de sessão e headers Nginx/Helmet implementam o controle no browser.",Vue escaping; cookie __Host HttpOnly/SameSite/Secure; Helmet/Nginx headers,auth.test.js; cookies.test.js; appSecurity.test.js; ZAP,"07a876b, c492b8d; run 30087971980",Projeto
v5.0.0-V3.4.5,Sim,Pass,"Vue, cookies de sessão e headers Nginx/Helmet implementam o controle no browser.",Vue escaping; cookie __Host HttpOnly/SameSite/Secure; Helmet/Nginx headers,auth.test.js; cookies.test.js; appSecurity.test.js; ZAP,"07a876b, c492b8d; run 30087971980",Projeto
v5.0.0-V3.4.6,Sim,Pass,"Vue, cookies de sessão e headers Nginx/Helmet implementam o controle no browser.",Vue escaping; cookie __Host HttpOnly/SameSite/Secure; Helmet/Nginx headers,auth.test.js; cookies.test.js; appSecurity.test.js; ZAP,"07a876b, c492b8d; run 30087971980",Projeto
v5.0.0-V3.5.1,Sim,Pass,"Vue, cookies de sessão e headers Nginx/Helmet implementam o controle no browser.",Vue escaping; cookie __Host HttpOnly/SameSite/Secure; Helmet/Nginx headers,auth.test.js; cookies.test.js; appSecurity.test.js; ZAP,"07a876b, c492b8d; run 30087971980",Projeto
v5.0.0-V3.5.2,Sim,Pass,"Vue, cookies de sessão e headers Nginx/Helmet implementam o controle no browser.",Vue escaping; cookie __Host HttpOnly/SameSite/Secure; Helmet/Nginx headers,auth.test.js; cookies.test.js; appSecurity.test.js; ZAP,"07a876b, c492b8d; run 30087971980",Projeto
v5.0.0-V3.5.3,Sim,Pass,"Vue, cookies de sessão e headers Nginx/Helmet implementam o controle no browser.",Vue escaping; cookie __Host HttpOnly/SameSite/Secure; Helmet/Nginx headers,auth.test.js; cookies.test.js; appSecurity.test.js; ZAP,"07a876b, c492b8d; run 30087971980",Projeto
v5.0.0-V3.5.4,Não,N/A,Dashboard e API são componentes da mesma aplicação e usam uma única origem pública.,N/A,Inspeção de aplicabilidade,CSV oficial + inventário do projeto,Projeto
v5.0.0-V3.5.5,Não,N/A,A aplicação não usa a interface postMessage.,N/A,Inspeção de aplicabilidade,CSV oficial + inventário do projeto,Projeto
v5.0.0-V3.7.1,Sim,Pass,"Vue, cookies de sessão e headers Nginx/Helmet implementam o controle no browser.",Vue escaping; cookie __Host HttpOnly/SameSite/Secure; Helmet/Nginx headers,auth.test.js; cookies.test.js; appSecurity.test.js; ZAP,"07a876b, c492b8d; run 30087971980",Projeto
v5.0.0-V3.7.2,Não,N/A,A aplicação não redireciona automaticamente para hostname externo.,N/A,Inspeção de aplicabilidade,CSV oficial + inventário do projeto,Projeto
v5.0.0-V4.1.1,Sim,Pass,"Nginx, Express e Socket.io aplicam o contrato HTTP/WebSocket e os limites de transporte.","Nginx como edge único; Express/Socket.io com CORS, framing e WSS externo",appSecurity.test.js; socketServer.test.js; smoke/ZAP TLS,"461ebda, c492b8d; run 30087971980",Projeto
v5.0.0-V4.1.2,Sim,Pass,"Nginx, Express e Socket.io aplicam o contrato HTTP/WebSocket e os limites de transporte.","Nginx como edge único; Express/Socket.io com CORS, framing e WSS externo",appSecurity.test.js; socketServer.test.js; smoke/ZAP TLS,"461ebda, c492b8d; run 30087971980",Projeto
v5.0.0-V4.1.3,Sim,Pass,"Nginx, Express e Socket.io aplicam o contrato HTTP/WebSocket e os limites de transporte.","Nginx como edge único; Express/Socket.io com CORS, framing e WSS externo",appSecurity.test.js; socketServer.test.js; smoke/ZAP TLS,"461ebda, c492b8d; run 30087971980",Projeto
v5.0.0-V4.2.1,Sim,Pass,"Nginx, Express e Socket.io aplicam o contrato HTTP/WebSocket e os limites de transporte.","Nginx como edge único; Express/Socket.io com CORS, framing e WSS externo",appSecurity.test.js; socketServer.test.js; smoke/ZAP TLS,"461ebda, c492b8d; run 30087971980",Projeto
v5.0.0-V4.3.1,Não,N/A,A aplicação não expõe GraphQL.,N/A,Inspeção de aplicabilidade,CSV oficial + inventário do projeto,Projeto
v5.0.0-V4.3.2,Não,N/A,A aplicação não expõe GraphQL.,N/A,Inspeção de aplicabilidade,CSV oficial + inventário do projeto,Projeto
v5.0.0-V4.4.1,Sim,Pass,"Nginx, Express e Socket.io aplicam o contrato HTTP/WebSocket e os limites de transporte.","Nginx como edge único; Express/Socket.io com CORS, framing e WSS externo",appSecurity.test.js; socketServer.test.js; smoke/ZAP TLS,"461ebda, c492b8d; run 30087971980",Projeto
v5.0.0-V4.4.2,Sim,Pass,"Nginx, Express e Socket.io aplicam o contrato HTTP/WebSocket e os limites de transporte.","Nginx como edge único; Express/Socket.io com CORS, framing e WSS externo",appSecurity.test.js; socketServer.test.js; smoke/ZAP TLS,"461ebda, c492b8d; run 30087971980",Projeto
v5.0.0-V4.4.3,Não,N/A,O WebSocket reutiliza o access token da sessão padrão; não há token dedicado alternativo.,N/A,Inspeção de aplicabilidade,CSV oficial + inventário do projeto,Projeto
v5.0.0-V4.4.4,Sim,Pass,"Nginx, Express e Socket.io aplicam o contrato HTTP/WebSocket e os limites de transporte.","Nginx como edge único; Express/Socket.io com CORS, framing e WSS externo",appSecurity.test.js; socketServer.test.js; smoke/ZAP TLS,"461ebda, c492b8d; run 30087971980",Projeto
v5.0.0-V5.1.1,Não,N/A,"Não há upload, download ou geração de arquivo a partir de entrada não confiável.",N/A,Inspeção de aplicabilidade,CSV oficial + inventário do projeto,Projeto
v5.0.0-V5.2.1,Não,N/A,"Não há upload, download ou geração de arquivo a partir de entrada não confiável.",N/A,Inspeção de aplicabilidade,CSV oficial + inventário do projeto,Projeto
v5.0.0-V5.2.2,Não,N/A,"Não há upload, download ou geração de arquivo a partir de entrada não confiável.",N/A,Inspeção de aplicabilidade,CSV oficial + inventário do projeto,Projeto
v5.0.0-V5.2.3,Não,N/A,"Não há upload, download ou geração de arquivo a partir de entrada não confiável.",N/A,Inspeção de aplicabilidade,CSV oficial + inventário do projeto,Projeto
v5.0.0-V5.3.1,Não,N/A,"Não há upload, download ou geração de arquivo a partir de entrada não confiável.",N/A,Inspeção de aplicabilidade,CSV oficial + inventário do projeto,Projeto
v5.0.0-V5.3.2,Não,N/A,"Não há upload, download ou geração de arquivo a partir de entrada não confiável.",N/A,Inspeção de aplicabilidade,CSV oficial + inventário do projeto,Projeto
v5.0.0-V5.4.1,Não,N/A,"Não há upload, download ou geração de arquivo a partir de entrada não confiável.",N/A,Inspeção de aplicabilidade,CSV oficial + inventário do projeto,Projeto
v5.0.0-V5.4.2,Não,N/A,"Não há upload, download ou geração de arquivo a partir de entrada não confiável.",N/A,Inspeção de aplicabilidade,CSV oficial + inventário do projeto,Projeto
v5.0.0-V5.4.3,Não,N/A,"Não há upload, download ou geração de arquivo a partir de entrada não confiável.",N/A,Inspeção de aplicabilidade,CSV oficial + inventário do projeto,Projeto
v5.0.0-V6.1.1,Sim,Pass,Fluxo explícito de login e testes de autenticação demonstram o controle.,"Argon2id, login explícito, limite 5/15min e resposta genérica",auth.test.js; security.test.js; auth store/router tests,"b571828, 07a876b",Projeto
v5.0.0-V6.1.2,Sim,Fail,Não existe lista documentada de palavras contextuais proibidas.,"Argon2id, login explícito, limite 5/15min e resposta genérica",auth.test.js; security.test.js; auth store/router tests,"b571828, 07a876b",Pendente decisão humana
v5.0.0-V6.1.3,Não,N/A,Existe um único caminho de autenticação local.,N/A,Inspeção de aplicabilidade,CSV oficial + inventário do projeto,Projeto
v5.0.0-V6.2.1,Não,N/A,A aplicação não permite cadastro nem definição/alteração de senha; principals são provisionados externamente.,N/A,Inspeção de aplicabilidade,CSV oficial + inventário do projeto,Projeto
v5.0.0-V6.2.2,Não,N/A,A aplicação não permite cadastro nem definição/alteração de senha; principals são provisionados externamente.,N/A,Inspeção de aplicabilidade,CSV oficial + inventário do projeto,Projeto
v5.0.0-V6.2.3,Não,N/A,A aplicação não permite cadastro nem definição/alteração de senha; principals são provisionados externamente.,N/A,Inspeção de aplicabilidade,CSV oficial + inventário do projeto,Projeto
v5.0.0-V6.2.4,Não,N/A,A aplicação não permite cadastro nem definição/alteração de senha; principals são provisionados externamente.,N/A,Inspeção de aplicabilidade,CSV oficial + inventário do projeto,Projeto
v5.0.0-V6.2.5,Não,N/A,A aplicação não permite cadastro nem definição/alteração de senha; principals são provisionados externamente.,N/A,Inspeção de aplicabilidade,CSV oficial + inventário do projeto,Projeto
v5.0.0-V6.2.6,Sim,Pass,Fluxo explícito de login e testes de autenticação demonstram o controle.,"Argon2id, login explícito, limite 5/15min e resposta genérica",auth.test.js; security.test.js; auth store/router tests,"b571828, 07a876b",Projeto
v5.0.0-V6.2.7,Sim,Pass,Fluxo explícito de login e testes de autenticação demonstram o controle.,"Argon2id, login explícito, limite 5/15min e resposta genérica",auth.test.js; security.test.js; auth store/router tests,"b571828, 07a876b",Projeto
v5.0.0-V6.2.8,Sim,Pass,Fluxo explícito de login e testes de autenticação demonstram o controle.,"Argon2id, login explícito, limite 5/15min e resposta genérica",auth.test.js; security.test.js; auth store/router tests,"b571828, 07a876b",Projeto
v5.0.0-V6.2.9,Sim,Pass,Fluxo explícito de login e testes de autenticação demonstram o controle.,"Argon2id, login explícito, limite 5/15min e resposta genérica",auth.test.js; security.test.js; auth store/router tests,"b571828, 07a876b",Projeto
v5.0.0-V6.2.10,Sim,Pass,Fluxo explícito de login e testes de autenticação demonstram o controle.,"Argon2id, login explícito, limite 5/15min e resposta genérica",auth.test.js; security.test.js; auth store/router tests,"b571828, 07a876b",Projeto
v5.0.0-V6.2.11,Não,N/A,A aplicação não permite cadastro nem definição/alteração de senha; principals são provisionados externamente.,N/A,Inspeção de aplicabilidade,CSV oficial + inventário do projeto,Projeto
v5.0.0-V6.2.12,Não,N/A,A aplicação não permite cadastro nem definição/alteração de senha; principals são provisionados externamente.,N/A,Inspeção de aplicabilidade,CSV oficial + inventário do projeto,Projeto
v5.0.0-V6.3.1,Sim,Pass,Fluxo explícito de login e testes de autenticação demonstram o controle.,"Argon2id, login explícito, limite 5/15min e resposta genérica",auth.test.js; security.test.js; auth store/router tests,"b571828, 07a876b",Projeto
v5.0.0-V6.3.2,Sim,Pass,Fluxo explícito de login e testes de autenticação demonstram o controle.,"Argon2id, login explícito, limite 5/15min e resposta genérica",auth.test.js; security.test.js; auth store/router tests,"b571828, 07a876b",Projeto
v5.0.0-V6.3.3,Sim,Fail,Há somente senha; MFA ou combinação de fatores não foi implementada.,"Argon2id, login explícito, limite 5/15min e resposta genérica",auth.test.js; security.test.js; auth store/router tests,"b571828, 07a876b",Pendente decisão humana
v5.0.0-V6.3.4,Não,N/A,Existe um único caminho de autenticação local.,N/A,Inspeção de aplicabilidade,CSV oficial + inventário do projeto,Projeto
v5.0.0-V6.4.1,Não,N/A,"Não há senha inicial, recuperação de senha ou recuperação de MFA na aplicação.",N/A,Inspeção de aplicabilidade,CSV oficial + inventário do projeto,Projeto
v5.0.0-V6.4.2,Sim,Pass,Fluxo explícito de login e testes de autenticação demonstram o controle.,"Argon2id, login explícito, limite 5/15min e resposta genérica",auth.test.js; security.test.js; auth store/router tests,"b571828, 07a876b",Projeto
v5.0.0-V6.4.3,Não,N/A,"Não há senha inicial, recuperação de senha ou recuperação de MFA na aplicação.",N/A,Inspeção de aplicabilidade,CSV oficial + inventário do projeto,Projeto
v5.0.0-V6.4.4,Não,N/A,"Não há senha inicial, recuperação de senha ou recuperação de MFA na aplicação.",N/A,Inspeção de aplicabilidade,CSV oficial + inventário do projeto,Projeto
v5.0.0-V6.5.1,Não,N/A,"Não há OTP, TOTP, lookup secret, SMS ou autenticação out-of-band.",N/A,Inspeção de aplicabilidade,CSV oficial + inventário do projeto,Projeto
v5.0.0-V6.5.2,Não,N/A,"Não há OTP, TOTP, lookup secret, SMS ou autenticação out-of-band.",N/A,Inspeção de aplicabilidade,CSV oficial + inventário do projeto,Projeto
v5.0.0-V6.5.3,Não,N/A,"Não há OTP, TOTP, lookup secret, SMS ou autenticação out-of-band.",N/A,Inspeção de aplicabilidade,CSV oficial + inventário do projeto,Projeto
v5.0.0-V6.5.4,Não,N/A,"Não há OTP, TOTP, lookup secret, SMS ou autenticação out-of-band.",N/A,Inspeção de aplicabilidade,CSV oficial + inventário do projeto,Projeto
v5.0.0-V6.5.5,Não,N/A,"Não há OTP, TOTP, lookup secret, SMS ou autenticação out-of-band.",N/A,Inspeção de aplicabilidade,CSV oficial + inventário do projeto,Projeto
v5.0.0-V6.6.1,Não,N/A,"Não há OTP, TOTP, lookup secret, SMS ou autenticação out-of-band.",N/A,Inspeção de aplicabilidade,CSV oficial + inventário do projeto,Projeto
v5.0.0-V6.6.2,Não,N/A,"Não há OTP, TOTP, lookup secret, SMS ou autenticação out-of-band.",N/A,Inspeção de aplicabilidade,CSV oficial + inventário do projeto,Projeto
v5.0.0-V6.6.3,Não,N/A,"Não há OTP, TOTP, lookup secret, SMS ou autenticação out-of-band.",N/A,Inspeção de aplicabilidade,CSV oficial + inventário do projeto,Projeto
v5.0.0-V6.8.1,Não,N/A,"Não há IdP externo, federação ou SAML.",N/A,Inspeção de aplicabilidade,CSV oficial + inventário do projeto,Projeto
v5.0.0-V6.8.2,Sim,Pass,Fluxo explícito de login e testes de autenticação demonstram o controle.,"Argon2id, login explícito, limite 5/15min e resposta genérica",auth.test.js; security.test.js; auth store/router tests,"b571828, 07a876b",Projeto
v5.0.0-V6.8.3,Não,N/A,"Não há IdP externo, federação ou SAML.",N/A,Inspeção de aplicabilidade,CSV oficial + inventário do projeto,Projeto
v5.0.0-V6.8.4,Não,N/A,"Não há IdP externo, federação ou SAML.",N/A,Inspeção de aplicabilidade,CSV oficial + inventário do projeto,Projeto
v5.0.0-V7.1.1,Sim,Fail,"A sessão tem vida absoluta de 8h, mas não há timeout por inatividade nem justificativa NIST.","Refresh opaco 256-bit, hash, rotação atômica, replay revoke e logout",auth.test.js; auth.test.js do Dashboard,"b571828, 07a876b",Pendente decisão humana
v5.0.0-V7.1.2,Sim,Fail,Limite e comportamento de sessões concorrentes não estão documentados nem aplicados.,"Refresh opaco 256-bit, hash, rotação atômica, replay revoke e logout",auth.test.js; auth.test.js do Dashboard,"b571828, 07a876b",Pendente decisão humana
v5.0.0-V7.1.3,Não,N/A,Não há ecossistema de identidade federada.,N/A,Inspeção de aplicabilidade,CSV oficial + inventário do projeto,Projeto
v5.0.0-V7.2.1,Sim,Pass,"Tokens aleatórios, rotação/revogação e UI de logout demonstram o controle.","Refresh opaco 256-bit, hash, rotação atômica, replay revoke e logout",auth.test.js; auth.test.js do Dashboard,"b571828, 07a876b",Projeto
v5.0.0-V7.2.2,Sim,Pass,"Tokens aleatórios, rotação/revogação e UI de logout demonstram o controle.","Refresh opaco 256-bit, hash, rotação atômica, replay revoke e logout",auth.test.js; auth.test.js do Dashboard,"b571828, 07a876b",Projeto
v5.0.0-V7.2.3,Sim,Pass,"Tokens aleatórios, rotação/revogação e UI de logout demonstram o controle.","Refresh opaco 256-bit, hash, rotação atômica, replay revoke e logout",auth.test.js; auth.test.js do Dashboard,"b571828, 07a876b",Projeto
v5.0.0-V7.2.4,Sim,Pass,"Tokens aleatórios, rotação/revogação e UI de logout demonstram o controle.","Refresh opaco 256-bit, hash, rotação atômica, replay revoke e logout",auth.test.js; auth.test.js do Dashboard,"b571828, 07a876b",Projeto
v5.0.0-V7.3.1,Sim,Fail,Não há timeout de sessão por inatividade.,"Refresh opaco 256-bit, hash, rotação atômica, replay revoke e logout",auth.test.js; auth.test.js do Dashboard,"b571828, 07a876b",Pendente decisão humana
v5.0.0-V7.3.2,Sim,Pass,"Tokens aleatórios, rotação/revogação e UI de logout demonstram o controle.","Refresh opaco 256-bit, hash, rotação atômica, replay revoke e logout",auth.test.js; auth.test.js do Dashboard,"b571828, 07a876b",Projeto
v5.0.0-V7.4.1,Sim,Fail,"Logout revoga refresh tokens, mas o access JWT já emitido segue válido por até 15 minutos.","Refresh opaco 256-bit, hash, rotação atômica, replay revoke e logout",auth.test.js; auth.test.js do Dashboard,"b571828, 07a876b",Pendente decisão humana
v5.0.0-V7.4.2,Sim,Pass,"Tokens aleatórios, rotação/revogação e UI de logout demonstram o controle.","Refresh opaco 256-bit, hash, rotação atômica, replay revoke e logout",auth.test.js; auth.test.js do Dashboard,"b571828, 07a876b",Projeto
v5.0.0-V7.4.3,Não,N/A,Não há alteração de fator ou atributo sensível pelo usuário.,N/A,Inspeção de aplicabilidade,CSV oficial + inventário do projeto,Projeto
v5.0.0-V7.4.4,Sim,Pass,"Tokens aleatórios, rotação/revogação e UI de logout demonstram o controle.","Refresh opaco 256-bit, hash, rotação atômica, replay revoke e logout",auth.test.js; auth.test.js do Dashboard,"b571828, 07a876b",Projeto
v5.0.0-V7.4.5,Sim,Fail,Não há operação administrativa para revogar sessões de um ou todos os principals.,"Refresh opaco 256-bit, hash, rotação atômica, replay revoke e logout",auth.test.js; auth.test.js do Dashboard,"b571828, 07a876b",Pendente decisão humana
v5.0.0-V7.5.1,Não,N/A,Não há alteração de fator ou atributo sensível pelo usuário.,N/A,Inspeção de aplicabilidade,CSV oficial + inventário do projeto,Projeto
v5.0.0-V7.5.2,Sim,Fail,O usuário não consegue listar e encerrar suas demais sessões.,"Refresh opaco 256-bit, hash, rotação atômica, replay revoke e logout",auth.test.js; auth.test.js do Dashboard,"b571828, 07a876b",Pendente decisão humana
v5.0.0-V7.6.1,Não,N/A,Não há ecossistema de identidade federada.,N/A,Inspeção de aplicabilidade,CSV oficial + inventário do projeto,Projeto
v5.0.0-V7.6.2,Sim,Pass,"Tokens aleatórios, rotação/revogação e UI de logout demonstram o controle.","Refresh opaco 256-bit, hash, rotação atômica, replay revoke e logout",auth.test.js; auth.test.js do Dashboard,"b571828, 07a876b",Projeto
v5.0.0-V8.1.1,Sim,Pass,"Deny-by-default, papéis e schemas servidor-side demonstram autorização explícita.",Deny-by-default; viewer/operator; authorize no serviço confiável,authorize.test.js; alerts.test.js; socketServer.test.js,"b571828, 461ebda",Projeto
v5.0.0-V8.1.2,Sim,Fail,Não existe matriz documental de autorização por campo.,Deny-by-default; viewer/operator; authorize no serviço confiável,authorize.test.js; alerts.test.js; socketServer.test.js,"b571828, 461ebda",Pendente decisão humana
v5.0.0-V8.2.1,Sim,Pass,"Deny-by-default, papéis e schemas servidor-side demonstram autorização explícita.",Deny-by-default; viewer/operator; authorize no serviço confiável,authorize.test.js; alerts.test.js; socketServer.test.js,"b571828, 461ebda",Projeto
v5.0.0-V8.2.2,Sim,Pass,"Deny-by-default, papéis e schemas servidor-side demonstram autorização explícita.",Deny-by-default; viewer/operator; authorize no serviço confiável,authorize.test.js; alerts.test.js; socketServer.test.js,"b571828, 461ebda",Projeto
v5.0.0-V8.2.3,Sim,Pass,"Deny-by-default, papéis e schemas servidor-side demonstram autorização explícita.",Deny-by-default; viewer/operator; authorize no serviço confiável,authorize.test.js; alerts.test.js; socketServer.test.js,"b571828, 461ebda",Projeto
v5.0.0-V8.3.1,Sim,Pass,"Deny-by-default, papéis e schemas servidor-side demonstram autorização explícita.",Deny-by-default; viewer/operator; authorize no serviço confiável,authorize.test.js; alerts.test.js; socketServer.test.js,"b571828, 461ebda",Projeto
v5.0.0-V8.4.1,Não,N/A,A aplicação não é multi-tenant.,N/A,Inspeção de aplicabilidade,CSV oficial + inventário do projeto,Projeto
v5.0.0-V9.1.1,Sim,Pass,"Assinatura, algoritmo, issuer, audience e validade são fixados e testados.","HS256 fixo, chave >=256 bits, iss/aud/exp/jti/sub e principal ativo",authenticate.test.js; security.test.js; auth.test.js,b571828,Projeto
v5.0.0-V9.1.2,Sim,Pass,"Assinatura, algoritmo, issuer, audience e validade são fixados e testados.","HS256 fixo, chave >=256 bits, iss/aud/exp/jti/sub e principal ativo",authenticate.test.js; security.test.js; auth.test.js,b571828,Projeto
v5.0.0-V9.1.3,Sim,Pass,"Assinatura, algoritmo, issuer, audience e validade são fixados e testados.","HS256 fixo, chave >=256 bits, iss/aud/exp/jti/sub e principal ativo",authenticate.test.js; security.test.js; auth.test.js,b571828,Projeto
v5.0.0-V9.2.1,Sim,Pass,"Assinatura, algoritmo, issuer, audience e validade são fixados e testados.","HS256 fixo, chave >=256 bits, iss/aud/exp/jti/sub e principal ativo",authenticate.test.js; security.test.js; auth.test.js,b571828,Projeto
v5.0.0-V9.2.2,Sim,Fail,"O JWT não possui distinção explícita de tipo/uso, como typ=at+jwt ou claim equivalente.","HS256 fixo, chave >=256 bits, iss/aud/exp/jti/sub e principal ativo",authenticate.test.js; security.test.js; auth.test.js,b571828,Pendente decisão humana
v5.0.0-V9.2.3,Sim,Pass,"Assinatura, algoritmo, issuer, audience e validade são fixados e testados.","HS256 fixo, chave >=256 bits, iss/aud/exp/jti/sub e principal ativo",authenticate.test.js; security.test.js; auth.test.js,b571828,Projeto
v5.0.0-V9.2.4,Sim,Pass,"Assinatura, algoritmo, issuer, audience e validade são fixados e testados.","HS256 fixo, chave >=256 bits, iss/aud/exp/jti/sub e principal ativo",authenticate.test.js; security.test.js; auth.test.js,b571828,Projeto
v5.0.0-V10.1.1,Não,N/A,"A aplicação não atua como cliente, authorization server ou IdP OAuth 2.0/OIDC.",N/A,Inspeção de aplicabilidade,CSV oficial + inventário do projeto,Projeto
v5.0.0-V10.1.2,Não,N/A,"A aplicação não atua como cliente, authorization server ou IdP OAuth 2.0/OIDC.",N/A,Inspeção de aplicabilidade,CSV oficial + inventário do projeto,Projeto
v5.0.0-V10.2.1,Não,N/A,"A aplicação não atua como cliente, authorization server ou IdP OAuth 2.0/OIDC.",N/A,Inspeção de aplicabilidade,CSV oficial + inventário do projeto,Projeto
v5.0.0-V10.2.2,Não,N/A,"A aplicação não atua como cliente, authorization server ou IdP OAuth 2.0/OIDC.",N/A,Inspeção de aplicabilidade,CSV oficial + inventário do projeto,Projeto
v5.0.0-V10.3.1,Não,N/A,"A aplicação não atua como cliente, authorization server ou IdP OAuth 2.0/OIDC.",N/A,Inspeção de aplicabilidade,CSV oficial + inventário do projeto,Projeto
v5.0.0-V10.3.2,Não,N/A,"A aplicação não atua como cliente, authorization server ou IdP OAuth 2.0/OIDC.",N/A,Inspeção de aplicabilidade,CSV oficial + inventário do projeto,Projeto
v5.0.0-V10.3.3,Não,N/A,"A aplicação não atua como cliente, authorization server ou IdP OAuth 2.0/OIDC.",N/A,Inspeção de aplicabilidade,CSV oficial + inventário do projeto,Projeto
v5.0.0-V10.3.4,Não,N/A,"A aplicação não atua como cliente, authorization server ou IdP OAuth 2.0/OIDC.",N/A,Inspeção de aplicabilidade,CSV oficial + inventário do projeto,Projeto
v5.0.0-V10.4.1,Não,N/A,"A aplicação não atua como cliente, authorization server ou IdP OAuth 2.0/OIDC.",N/A,Inspeção de aplicabilidade,CSV oficial + inventário do projeto,Projeto
v5.0.0-V10.4.2,Não,N/A,"A aplicação não atua como cliente, authorization server ou IdP OAuth 2.0/OIDC.",N/A,Inspeção de aplicabilidade,CSV oficial + inventário do projeto,Projeto
v5.0.0-V10.4.3,Não,N/A,"A aplicação não atua como cliente, authorization server ou IdP OAuth 2.0/OIDC.",N/A,Inspeção de aplicabilidade,CSV oficial + inventário do projeto,Projeto
v5.0.0-V10.4.4,Não,N/A,"A aplicação não atua como cliente, authorization server ou IdP OAuth 2.0/OIDC.",N/A,Inspeção de aplicabilidade,CSV oficial + inventário do projeto,Projeto
v5.0.0-V10.4.5,Não,N/A,"A aplicação não atua como cliente, authorization server ou IdP OAuth 2.0/OIDC.",N/A,Inspeção de aplicabilidade,CSV oficial + inventário do projeto,Projeto
v5.0.0-V10.4.6,Não,N/A,"A aplicação não atua como cliente, authorization server ou IdP OAuth 2.0/OIDC.",N/A,Inspeção de aplicabilidade,CSV oficial + inventário do projeto,Projeto
v5.0.0-V10.4.7,Não,N/A,"A aplicação não atua como cliente, authorization server ou IdP OAuth 2.0/OIDC.",N/A,Inspeção de aplicabilidade,CSV oficial + inventário do projeto,Projeto
v5.0.0-V10.4.8,Não,N/A,"A aplicação não atua como cliente, authorization server ou IdP OAuth 2.0/OIDC.",N/A,Inspeção de aplicabilidade,CSV oficial + inventário do projeto,Projeto
v5.0.0-V10.4.9,Não,N/A,"A aplicação não atua como cliente, authorization server ou IdP OAuth 2.0/OIDC.",N/A,Inspeção de aplicabilidade,CSV oficial + inventário do projeto,Projeto
v5.0.0-V10.4.10,Não,N/A,"A aplicação não atua como cliente, authorization server ou IdP OAuth 2.0/OIDC.",N/A,Inspeção de aplicabilidade,CSV oficial + inventário do projeto,Projeto
v5.0.0-V10.4.11,Não,N/A,"A aplicação não atua como cliente, authorization server ou IdP OAuth 2.0/OIDC.",N/A,Inspeção de aplicabilidade,CSV oficial + inventário do projeto,Projeto
v5.0.0-V10.5.1,Não,N/A,"A aplicação não atua como cliente, authorization server ou IdP OAuth 2.0/OIDC.",N/A,Inspeção de aplicabilidade,CSV oficial + inventário do projeto,Projeto
v5.0.0-V10.5.2,Não,N/A,"A aplicação não atua como cliente, authorization server ou IdP OAuth 2.0/OIDC.",N/A,Inspeção de aplicabilidade,CSV oficial + inventário do projeto,Projeto
v5.0.0-V10.5.3,Não,N/A,"A aplicação não atua como cliente, authorization server ou IdP OAuth 2.0/OIDC.",N/A,Inspeção de aplicabilidade,CSV oficial + inventário do projeto,Projeto
v5.0.0-V10.5.4,Não,N/A,"A aplicação não atua como cliente, authorization server ou IdP OAuth 2.0/OIDC.",N/A,Inspeção de aplicabilidade,CSV oficial + inventário do projeto,Projeto
v5.0.0-V10.5.5,Não,N/A,"A aplicação não atua como cliente, authorization server ou IdP OAuth 2.0/OIDC.",N/A,Inspeção de aplicabilidade,CSV oficial + inventário do projeto,Projeto
v5.0.0-V10.6.1,Não,N/A,"A aplicação não atua como cliente, authorization server ou IdP OAuth 2.0/OIDC.",N/A,Inspeção de aplicabilidade,CSV oficial + inventário do projeto,Projeto
v5.0.0-V10.6.2,Não,N/A,"A aplicação não atua como cliente, authorization server ou IdP OAuth 2.0/OIDC.",N/A,Inspeção de aplicabilidade,CSV oficial + inventário do projeto,Projeto
v5.0.0-V10.7.1,Não,N/A,"A aplicação não atua como cliente, authorization server ou IdP OAuth 2.0/OIDC.",N/A,Inspeção de aplicabilidade,CSV oficial + inventário do projeto,Projeto
v5.0.0-V10.7.2,Não,N/A,"A aplicação não atua como cliente, authorization server ou IdP OAuth 2.0/OIDC.",N/A,Inspeção de aplicabilidade,CSV oficial + inventário do projeto,Projeto
v5.0.0-V10.7.3,Não,N/A,"A aplicação não atua como cliente, authorization server ou IdP OAuth 2.0/OIDC.",N/A,Inspeção de aplicabilidade,CSV oficial + inventário do projeto,Projeto
v5.0.0-V11.1.1,Sim,Fail,Não há política documentada de ciclo de vida e rotação de chaves.,"Node crypto/OpenSSL, SHA-256, randomBytes(32), Argon2id",auth.test.js; security.test.js,b571828; services/api/src/services/authService.js,Pendente decisão humana
v5.0.0-V11.1.2,Sim,Fail,Não há inventário criptográfico versionado.,"Node crypto/OpenSSL, SHA-256, randomBytes(32), Argon2id",auth.test.js; security.test.js,b571828; services/api/src/services/authService.js,Pendente decisão humana
v5.0.0-V11.2.1,Sim,Pass,Primitivas mantidas por Node/OpenSSL e CSPRNG de 256 bits demonstram o controle.,"Node crypto/OpenSSL, SHA-256, randomBytes(32), Argon2id",auth.test.js; security.test.js,b571828; services/api/src/services/authService.js,Projeto
v5.0.0-V11.2.2,Sim,Fail,Algoritmos são fixos e não existe estratégia documentada/testada de crypto agility.,"Node crypto/OpenSSL, SHA-256, randomBytes(32), Argon2id",auth.test.js; security.test.js,b571828; services/api/src/services/authService.js,Pendente decisão humana
v5.0.0-V11.2.3,Sim,Pass,Primitivas mantidas por Node/OpenSSL e CSPRNG de 256 bits demonstram o controle.,"Node crypto/OpenSSL, SHA-256, randomBytes(32), Argon2id",auth.test.js; security.test.js,b571828; services/api/src/services/authService.js,Projeto
v5.0.0-V11.3.1,Não,N/A,A aplicação não cifra dados no nível da aplicação nem deriva chaves de senhas; TLS e password hashing são avaliados separadamente.,N/A,Inspeção de aplicabilidade,CSV oficial + inventário do projeto,Projeto
v5.0.0-V11.3.2,Não,N/A,A aplicação não cifra dados no nível da aplicação nem deriva chaves de senhas; TLS e password hashing são avaliados separadamente.,N/A,Inspeção de aplicabilidade,CSV oficial + inventário do projeto,Projeto
v5.0.0-V11.3.3,Não,N/A,A aplicação não cifra dados no nível da aplicação nem deriva chaves de senhas; TLS e password hashing são avaliados separadamente.,N/A,Inspeção de aplicabilidade,CSV oficial + inventário do projeto,Projeto
v5.0.0-V11.4.1,Sim,Pass,Primitivas mantidas por Node/OpenSSL e CSPRNG de 256 bits demonstram o controle.,"Node crypto/OpenSSL, SHA-256, randomBytes(32), Argon2id",auth.test.js; security.test.js,b571828; services/api/src/services/authService.js,Projeto
v5.0.0-V11.4.2,Sim,Fail,A API aceita qualquer hash Argon2id provisionado sem validar parâmetros mínimos.,"Node crypto/OpenSSL, SHA-256, randomBytes(32), Argon2id",auth.test.js; security.test.js,b571828; services/api/src/services/authService.js,Pendente decisão humana
v5.0.0-V11.4.3,Sim,Pass,Primitivas mantidas por Node/OpenSSL e CSPRNG de 256 bits demonstram o controle.,"Node crypto/OpenSSL, SHA-256, randomBytes(32), Argon2id",auth.test.js; security.test.js,b571828; services/api/src/services/authService.js,Projeto
v5.0.0-V11.4.4,Não,N/A,A aplicação não cifra dados no nível da aplicação nem deriva chaves de senhas; TLS e password hashing são avaliados separadamente.,N/A,Inspeção de aplicabilidade,CSV oficial + inventário do projeto,Projeto
v5.0.0-V11.5.1,Sim,Pass,Primitivas mantidas por Node/OpenSSL e CSPRNG de 256 bits demonstram o controle.,"Node crypto/OpenSSL, SHA-256, randomBytes(32), Argon2id",auth.test.js; security.test.js,b571828; services/api/src/services/authService.js,Projeto
v5.0.0-V11.6.1,Sim,Pass,Primitivas mantidas por Node/OpenSSL e CSPRNG de 256 bits demonstram o controle.,"Node crypto/OpenSSL, SHA-256, randomBytes(32), Argon2id",auth.test.js; security.test.js,b571828; services/api/src/services/authService.js,Projeto
v5.0.0-V12.1.1,Sim,Pass,Nginx restringe TLS externo a 1.2/1.3 e não publica serviços plaintext no host.,Nginx TLS 1.2/1.3 e somente Nginx publicado no host,smoke TLS 1.2 aceito/1.1 negado; DAST,c492b8d; run 30087971980,Projeto
v5.0.0-V12.1.2,Sim,Fail,Cipher suites e ordem de preferência não são configuradas/testadas explicitamente.,Nginx TLS 1.2/1.3 e somente Nginx publicado no host,smoke TLS 1.2 aceito/1.1 negado; DAST,c492b8d; run 30087971980,Pendente decisão humana
v5.0.0-V12.1.3,Não,N/A,Certificados cliente não são usados como identidade; mTLS ainda não foi adotado.,N/A,Inspeção de aplicabilidade,CSV oficial + inventário do projeto,Projeto
v5.0.0-V12.2.1,Sim,Pass,Nginx restringe TLS externo a 1.2/1.3 e não publica serviços plaintext no host.,Nginx TLS 1.2/1.3 e somente Nginx publicado no host,smoke TLS 1.2 aceito/1.1 negado; DAST,c492b8d; run 30087971980,Projeto
v5.0.0-V12.2.2,Sim,Fail,A execução testada usa certificado efêmero autoassinado; certificado público de produção não foi evidenciado.,Nginx TLS 1.2/1.3 e somente Nginx publicado no host,smoke TLS 1.2 aceito/1.1 negado; DAST,c492b8d; run 30087971980,Pendente decisão humana
v5.0.0-V12.3.1,Sim,Fail,"HTTP, MQTT e MongoDB internos permanecem plaintext.",Nginx TLS 1.2/1.3 e somente Nginx publicado no host,smoke TLS 1.2 aceito/1.1 negado; DAST,c492b8d; run 30087971980,Pendente decisão humana
v5.0.0-V12.3.2,Sim,Fail,Clientes internos não validam certificados porque TLS interno não foi implementado.,Nginx TLS 1.2/1.3 e somente Nginx publicado no host,smoke TLS 1.2 aceito/1.1 negado; DAST,c492b8d; run 30087971980,Pendente decisão humana
v5.0.0-V12.3.3,Sim,Fail,"Nginx, Dashboard e API comunicam-se por HTTP interno.",Nginx TLS 1.2/1.3 e somente Nginx publicado no host,smoke TLS 1.2 aceito/1.1 negado; DAST,c492b8d; run 30087971980,Pendente decisão humana
v5.0.0-V12.3.4,Sim,Fail,Não há CA interna/pinning para conexões entre serviços.,Nginx TLS 1.2/1.3 e somente Nginx publicado no host,smoke TLS 1.2 aceito/1.1 negado; DAST,c492b8d; run 30087971980,Pendente decisão humana
v5.0.0-V13.1.1,Sim,Pass,"Config fail-fast, Docker secrets, ACL/redes e imagem mínima demonstram o controle.","Config fail-fast, secrets por arquivo, ACL MQTT, redes internas e runtime mínimo",runtime.test.js; security.test.js; smoke Compose; Trivy,"c492b8d, a3e9974; run 30087971980",Projeto
v5.0.0-V13.2.1,Sim,Fail,"MQTT e MongoDB usam credenciais persistentes, não identidades de curta duração/certificados.","Config fail-fast, secrets por arquivo, ACL MQTT, redes internas e runtime mínimo",runtime.test.js; security.test.js; smoke Compose; Trivy,"c492b8d, a3e9974; run 30087971980",Pendente decisão humana
v5.0.0-V13.2.2,Sim,Fail,"A API conecta ao MongoDB com a conta root criada no bootstrap, violando mínimo privilégio.","Config fail-fast, secrets por arquivo, ACL MQTT, redes internas e runtime mínimo",runtime.test.js; security.test.js; smoke Compose; Trivy,"c492b8d, a3e9974; run 30087971980",Pendente decisão humana
v5.0.0-V13.2.3,Sim,Pass,"Config fail-fast, Docker secrets, ACL/redes e imagem mínima demonstram o controle.","Config fail-fast, secrets por arquivo, ACL MQTT, redes internas e runtime mínimo",runtime.test.js; security.test.js; smoke Compose; Trivy,"c492b8d, a3e9974; run 30087971980",Projeto
v5.0.0-V13.2.4,Sim,Pass,"Config fail-fast, Docker secrets, ACL/redes e imagem mínima demonstram o controle.","Config fail-fast, secrets por arquivo, ACL MQTT, redes internas e runtime mínimo",runtime.test.js; security.test.js; smoke Compose; Trivy,"c492b8d, a3e9974; run 30087971980",Projeto
v5.0.0-V13.2.5,Sim,Pass,"Config fail-fast, Docker secrets, ACL/redes e imagem mínima demonstram o controle.","Config fail-fast, secrets por arquivo, ACL MQTT, redes internas e runtime mínimo",runtime.test.js; security.test.js; smoke Compose; Trivy,"c492b8d, a3e9974; run 30087971980",Projeto
v5.0.0-V13.3.1,Sim,Fail,"Docker Compose monta arquivos, mas não há solução operacional de criação, rotação e destruição de secrets.","Config fail-fast, secrets por arquivo, ACL MQTT, redes internas e runtime mínimo",runtime.test.js; security.test.js; smoke Compose; Trivy,"c492b8d, a3e9974; run 30087971980",Pendente decisão humana
v5.0.0-V13.3.2,Sim,Pass,"Config fail-fast, Docker secrets, ACL/redes e imagem mínima demonstram o controle.","Config fail-fast, secrets por arquivo, ACL MQTT, redes internas e runtime mínimo",runtime.test.js; security.test.js; smoke Compose; Trivy,"c492b8d, a3e9974; run 30087971980",Projeto
v5.0.0-V13.4.1,Sim,Pass,"Config fail-fast, Docker secrets, ACL/redes e imagem mínima demonstram o controle.","Config fail-fast, secrets por arquivo, ACL MQTT, redes internas e runtime mínimo",runtime.test.js; security.test.js; smoke Compose; Trivy,"c492b8d, a3e9974; run 30087971980",Projeto
v5.0.0-V13.4.2,Sim,Pass,"Config fail-fast, Docker secrets, ACL/redes e imagem mínima demonstram o controle.","Config fail-fast, secrets por arquivo, ACL MQTT, redes internas e runtime mínimo",runtime.test.js; security.test.js; smoke Compose; Trivy,"c492b8d, a3e9974; run 30087971980",Projeto
v5.0.0-V13.4.3,Sim,Pass,"Config fail-fast, Docker secrets, ACL/redes e imagem mínima demonstram o controle.","Config fail-fast, secrets por arquivo, ACL MQTT, redes internas e runtime mínimo",runtime.test.js; security.test.js; smoke Compose; Trivy,"c492b8d, a3e9974; run 30087971980",Projeto
v5.0.0-V13.4.4,Sim,Pass,"Config fail-fast, Docker secrets, ACL/redes e imagem mínima demonstram o controle.","Config fail-fast, secrets por arquivo, ACL MQTT, redes internas e runtime mínimo",runtime.test.js; security.test.js; smoke Compose; Trivy,"c492b8d, a3e9974; run 30087971980",Projeto
v5.0.0-V13.4.5,Sim,Pass,"Config fail-fast, Docker secrets, ACL/redes e imagem mínima demonstram o controle.","Config fail-fast, secrets por arquivo, ACL MQTT, redes internas e runtime mínimo",runtime.test.js; security.test.js; smoke Compose; Trivy,"c492b8d, a3e9974; run 30087971980",Projeto
v5.0.0-V14.1.1,Sim,Fail,"Ativos sensíveis foram listados, mas não classificados em níveis de proteção.","Access token em memória, refresh HttpOnly e redação de segredos",auth store tests; redact.test.js; auth.test.js,"07a876b, 99d8846",Pendente decisão humana
v5.0.0-V14.1.2,Sim,Fail,Não há requisitos documentados por nível de proteção de dados.,"Access token em memória, refresh HttpOnly e redação de segredos",auth store tests; redact.test.js; auth.test.js,"07a876b, 99d8846",Pendente decisão humana
v5.0.0-V14.2.1,Sim,Pass,"Tokens não usam URL/Web Storage, não há tracker/cache servidor e logout limpa a sessão.","Access token em memória, refresh HttpOnly e redação de segredos",auth store tests; redact.test.js; auth.test.js,"07a876b, 99d8846",Projeto
v5.0.0-V14.2.2,Sim,Pass,"Tokens não usam URL/Web Storage, não há tracker/cache servidor e logout limpa a sessão.","Access token em memória, refresh HttpOnly e redação de segredos",auth store tests; redact.test.js; auth.test.js,"07a876b, 99d8846",Projeto
v5.0.0-V14.2.3,Sim,Pass,"Tokens não usam URL/Web Storage, não há tracker/cache servidor e logout limpa a sessão.","Access token em memória, refresh HttpOnly e redação de segredos",auth store tests; redact.test.js; auth.test.js,"07a876b, 99d8846",Projeto
v5.0.0-V14.2.4,Sim,Fail,"Sem níveis de proteção, não é possível provar a aplicação integral dos controles definidos.","Access token em memória, refresh HttpOnly e redação de segredos",auth store tests; redact.test.js; auth.test.js,"07a876b, 99d8846",Pendente decisão humana
v5.0.0-V14.3.1,Sim,Pass,"Tokens não usam URL/Web Storage, não há tracker/cache servidor e logout limpa a sessão.","Access token em memória, refresh HttpOnly e redação de segredos",auth store tests; redact.test.js; auth.test.js,"07a876b, 99d8846",Projeto
v5.0.0-V14.3.2,Sim,Fail,Respostas autenticadas não definem Cache-Control: no-store de forma abrangente.,"Access token em memória, refresh HttpOnly e redação de segredos",auth store tests; redact.test.js; auth.test.js,"07a876b, 99d8846",Pendente decisão humana
v5.0.0-V14.3.3,Sim,Pass,"Tokens não usam URL/Web Storage, não há tracker/cache servidor e logout limpa a sessão.","Access token em memória, refresh HttpOnly e redação de segredos",auth store tests; redact.test.js; auth.test.js,"07a876b, 99d8846",Projeto
v5.0.0-V15.1.1,Sim,Fail,Não há SLA documentado de correção/upgrade por severidade.,"Lockfiles, SHA/digests, CodeQL, Gitleaks, audit, Trivy, SBOM e DAST",workflow CI completo,"38f6bd2, a3e9974; run 30087971980",Pendente decisão humana
v5.0.0-V15.1.2,Sim,Pass,"Lockfiles, SBOM, scans, imagens mínimas e validação estrita demonstram o controle.","Lockfiles, SHA/digests, CodeQL, Gitleaks, audit, Trivy, SBOM e DAST",workflow CI completo,"38f6bd2, a3e9974; run 30087971980",Projeto
v5.0.0-V15.1.3,Sim,Pass,"Lockfiles, SBOM, scans, imagens mínimas e validação estrita demonstram o controle.","Lockfiles, SHA/digests, CodeQL, Gitleaks, audit, Trivy, SBOM e DAST",workflow CI completo,"38f6bd2, a3e9974; run 30087971980",Projeto
v5.0.0-V15.2.1,Sim,Fail,Sem SLA de remediação não é possível provar que todas as dependências estão dentro do prazo.,"Lockfiles, SHA/digests, CodeQL, Gitleaks, audit, Trivy, SBOM e DAST",workflow CI completo,"38f6bd2, a3e9974; run 30087971980",Pendente decisão humana
v5.0.0-V15.2.2,Sim,Pass,"Lockfiles, SBOM, scans, imagens mínimas e validação estrita demonstram o controle.","Lockfiles, SHA/digests, CodeQL, Gitleaks, audit, Trivy, SBOM e DAST",workflow CI completo,"38f6bd2, a3e9974; run 30087971980",Projeto
v5.0.0-V15.2.3,Sim,Pass,"Lockfiles, SBOM, scans, imagens mínimas e validação estrita demonstram o controle.","Lockfiles, SHA/digests, CodeQL, Gitleaks, audit, Trivy, SBOM e DAST",workflow CI completo,"38f6bd2, a3e9974; run 30087971980",Projeto
v5.0.0-V15.3.1,Sim,Pass,"Lockfiles, SBOM, scans, imagens mínimas e validação estrita demonstram o controle.","Lockfiles, SHA/digests, CodeQL, Gitleaks, audit, Trivy, SBOM e DAST",workflow CI completo,"38f6bd2, a3e9974; run 30087971980",Projeto
v5.0.0-V15.3.2,Não,N/A,O backend não faz chamadas para URLs externas.,N/A,Inspeção de aplicabilidade,CSV oficial + inventário do projeto,Projeto
v5.0.0-V15.3.3,Sim,Pass,"Lockfiles, SBOM, scans, imagens mínimas e validação estrita demonstram o controle.","Lockfiles, SHA/digests, CodeQL, Gitleaks, audit, Trivy, SBOM e DAST",workflow CI completo,"38f6bd2, a3e9974; run 30087971980",Projeto
v5.0.0-V15.3.4,Sim,Pass,"Lockfiles, SBOM, scans, imagens mínimas e validação estrita demonstram o controle.","Lockfiles, SHA/digests, CodeQL, Gitleaks, audit, Trivy, SBOM e DAST",workflow CI completo,"38f6bd2, a3e9974; run 30087971980",Projeto
v5.0.0-V15.3.5,Sim,Pass,"Lockfiles, SBOM, scans, imagens mínimas e validação estrita demonstram o controle.","Lockfiles, SHA/digests, CodeQL, Gitleaks, audit, Trivy, SBOM e DAST",workflow CI completo,"38f6bd2, a3e9974; run 30087971980",Projeto
v5.0.0-V15.3.6,Sim,Pass,"Lockfiles, SBOM, scans, imagens mínimas e validação estrita demonstram o controle.","Lockfiles, SHA/digests, CodeQL, Gitleaks, audit, Trivy, SBOM e DAST",workflow CI completo,"38f6bd2, a3e9974; run 30087971980",Projeto
v5.0.0-V15.3.7,Sim,Pass,"Lockfiles, SBOM, scans, imagens mínimas e validação estrita demonstram o controle.","Lockfiles, SHA/digests, CodeQL, Gitleaks, audit, Trivy, SBOM e DAST",workflow CI completo,"38f6bd2, a3e9974; run 30087971980",Projeto
v5.0.0-V16.1.1,Sim,Fail,"Não existe inventário completo de logs, destinos, retenção, acesso e uso.","Auditoria JSON/correlation ID, redação, métricas/alertas e fail-closed",securityAudit.test.js; redact.test.js; processLifecycle.test.js; appSecurity.test.js,99d8846; infrastructure/prometheus/alerts.yml,Pendente decisão humana
v5.0.0-V16.2.1,Sim,Pass,"Auditoria estruturada, UTC, redação e fail-closed são cobertos por testes.","Auditoria JSON/correlation ID, redação, métricas/alertas e fail-closed",securityAudit.test.js; redact.test.js; processLifecycle.test.js; appSecurity.test.js,99d8846; infrastructure/prometheus/alerts.yml,Projeto
v5.0.0-V16.2.2,Sim,Pass,"Auditoria estruturada, UTC, redação e fail-closed são cobertos por testes.","Auditoria JSON/correlation ID, redação, métricas/alertas e fail-closed",securityAudit.test.js; redact.test.js; processLifecycle.test.js; appSecurity.test.js,99d8846; infrastructure/prometheus/alerts.yml,Projeto
v5.0.0-V16.2.3,Sim,Fail,"Sem inventário, não é possível provar que todos os destinos de log são autorizados.","Auditoria JSON/correlation ID, redação, métricas/alertas e fail-closed",securityAudit.test.js; redact.test.js; processLifecycle.test.js; appSecurity.test.js,99d8846; infrastructure/prometheus/alerts.yml,Pendente decisão humana
v5.0.0-V16.2.4,Sim,Fail,Não existe processador central de logs nem evidência de correlação de todos os formatos.,"Auditoria JSON/correlation ID, redação, métricas/alertas e fail-closed",securityAudit.test.js; redact.test.js; processLifecycle.test.js; appSecurity.test.js,99d8846; infrastructure/prometheus/alerts.yml,Pendente decisão humana
v5.0.0-V16.2.5,Sim,Pass,"Auditoria estruturada, UTC, redação e fail-closed são cobertos por testes.","Auditoria JSON/correlation ID, redação, métricas/alertas e fail-closed",securityAudit.test.js; redact.test.js; processLifecycle.test.js; appSecurity.test.js,99d8846; infrastructure/prometheus/alerts.yml,Projeto
v5.0.0-V16.3.1,Sim,Pass,"Auditoria estruturada, UTC, redação e fail-closed são cobertos por testes.","Auditoria JSON/correlation ID, redação, métricas/alertas e fail-closed",securityAudit.test.js; redact.test.js; processLifecycle.test.js; appSecurity.test.js,99d8846; infrastructure/prometheus/alerts.yml,Projeto
v5.0.0-V16.3.2,Sim,Pass,"Auditoria estruturada, UTC, redação e fail-closed são cobertos por testes.","Auditoria JSON/correlation ID, redação, métricas/alertas e fail-closed",securityAudit.test.js; redact.test.js; processLifecycle.test.js; appSecurity.test.js,99d8846; infrastructure/prometheus/alerts.yml,Projeto
v5.0.0-V16.3.3,Sim,Pass,"Auditoria estruturada, UTC, redação e fail-closed são cobertos por testes.","Auditoria JSON/correlation ID, redação, métricas/alertas e fail-closed",securityAudit.test.js; redact.test.js; processLifecycle.test.js; appSecurity.test.js,99d8846; infrastructure/prometheus/alerts.yml,Projeto
v5.0.0-V16.3.4,Sim,Pass,"Auditoria estruturada, UTC, redação e fail-closed são cobertos por testes.","Auditoria JSON/correlation ID, redação, métricas/alertas e fail-closed",securityAudit.test.js; redact.test.js; processLifecycle.test.js; appSecurity.test.js,99d8846; infrastructure/prometheus/alerts.yml,Projeto
v5.0.0-V16.4.1,Sim,Pass,"Auditoria estruturada, UTC, redação e fail-closed são cobertos por testes.","Auditoria JSON/correlation ID, redação, métricas/alertas e fail-closed",securityAudit.test.js; redact.test.js; processLifecycle.test.js; appSecurity.test.js,99d8846; infrastructure/prometheus/alerts.yml,Projeto
v5.0.0-V16.4.2,Sim,Fail,Logs não possuem armazenamento protegido contra alteração/acesso não autorizado demonstrado.,"Auditoria JSON/correlation ID, redação, métricas/alertas e fail-closed",securityAudit.test.js; redact.test.js; processLifecycle.test.js; appSecurity.test.js,99d8846; infrastructure/prometheus/alerts.yml,Pendente decisão humana
v5.0.0-V16.4.3,Sim,Fail,Logs não são enviados com segurança para sistema logicamente separado.,"Auditoria JSON/correlation ID, redação, métricas/alertas e fail-closed",securityAudit.test.js; redact.test.js; processLifecycle.test.js; appSecurity.test.js,99d8846; infrastructure/prometheus/alerts.yml,Pendente decisão humana
v5.0.0-V16.5.1,Sim,Pass,"Auditoria estruturada, UTC, redação e fail-closed são cobertos por testes.","Auditoria JSON/correlation ID, redação, métricas/alertas e fail-closed",securityAudit.test.js; redact.test.js; processLifecycle.test.js; appSecurity.test.js,99d8846; infrastructure/prometheus/alerts.yml,Projeto
v5.0.0-V16.5.2,Sim,Pass,"Auditoria estruturada, UTC, redação e fail-closed são cobertos por testes.","Auditoria JSON/correlation ID, redação, métricas/alertas e fail-closed",securityAudit.test.js; redact.test.js; processLifecycle.test.js; appSecurity.test.js,99d8846; infrastructure/prometheus/alerts.yml,Projeto
v5.0.0-V16.5.3,Sim,Pass,"Auditoria estruturada, UTC, redação e fail-closed são cobertos por testes.","Auditoria JSON/correlation ID, redação, métricas/alertas e fail-closed",securityAudit.test.js; redact.test.js; processLifecycle.test.js; appSecurity.test.js,99d8846; infrastructure/prometheus/alerts.yml,Projeto
v5.0.0-V17.1.1,Não,N/A,"A aplicação não implementa WebRTC, TURN, DTLS-SRTP ou signaling de mídia.",N/A,Inspeção de aplicabilidade,CSV oficial + inventário do projeto,Projeto
v5.0.0-V17.2.1,Não,N/A,"A aplicação não implementa WebRTC, TURN, DTLS-SRTP ou signaling de mídia.",N/A,Inspeção de aplicabilidade,CSV oficial + inventário do projeto,Projeto
v5.0.0-V17.2.2,Não,N/A,"A aplicação não implementa WebRTC, TURN, DTLS-SRTP ou signaling de mídia.",N/A,Inspeção de aplicabilidade,CSV oficial + inventário do projeto,Projeto
v5.0.0-V17.2.3,Não,N/A,"A aplicação não implementa WebRTC, TURN, DTLS-SRTP ou signaling de mídia.",N/A,Inspeção de aplicabilidade,CSV oficial + inventário do projeto,Projeto
v5.0.0-V17.2.4,Não,N/A,"A aplicação não implementa WebRTC, TURN, DTLS-SRTP ou signaling de mídia.",N/A,Inspeção de aplicabilidade,CSV oficial + inventário do projeto,Projeto
v5.0.0-V17.3.1,Não,N/A,"A aplicação não implementa WebRTC, TURN, DTLS-SRTP ou signaling de mídia.",N/A,Inspeção de aplicabilidade,CSV oficial + inventário do projeto,Projeto
v5.0.0-V17.3.2,Não,N/A,"A aplicação não implementa WebRTC, TURN, DTLS-SRTP ou signaling de mídia.",N/A,Inspeção de aplicabilidade,CSV oficial + inventário do projeto,Projeto
